core	m	sets	vals	bases	f	def	k	frozen	NA	J	dstar	kmin	keyok	nbetter	nearest(shape U,Z,W,Y:kind:count)
k4_certs_5_pure.json.gz#4604[m=13,idx=58]|prof=44,118,8,8,158	13	[[0, 2, 9, 11], [1, 6, 10, 12], [3, 7, 11, 12], [4, 8, 11, 12], [5, 9, 10, 12]]	[[3, 5, 6, 7], [6, 5, 4, 8], [2, 3, 8, 4], [2, 3, 8, 4], [6, 4, 1, 8]]	[[11], [12], [3, 7], [4, 8], [5, 9]]	1	1	3	[0]	[11]	[0, 1, 2, 6, 10]	1	-1	1	84	1,1,0,1:-:6
k4_certs_5_pure.json.gz#4604[m=13,idx=58]|prof=44,118,8,8,200	13	[[0, 2, 9, 11], [1, 6, 10, 12], [3, 7, 11, 12], [4, 8, 11, 12], [5, 9, 10, 12]]	[[3, 5, 6, 7], [6, 5, 4, 8], [2, 3, 8, 4], [2, 3, 8, 4], [7, 6, 2, 10]]	[[11], [12], [3, 7], [4, 8], [5, 9]]	1	1	3	[0]	[11]	[0, 1, 2, 6, 10]	1	-1	1	84	1,1,0,1:-:6
k4_certs_5_pure.json.gz#4604[m=13,idx=58]|prof=44,118,8,36,200	13	[[0, 2, 9, 11], [1, 6, 10, 12], [3, 7, 11, 12], [4, 8, 11, 12], [5, 9, 10, 12]]	[[3, 5, 6, 7], [6, 5, 4, 8], [2, 3, 8, 4], [3, 2, 8, 4], [7, 6, 2, 10]]	[[11], [12], [3, 7], [4, 8], [5, 9]]	1	1	3	[0]	[11]	[0, 1, 2, 6, 10]	1	-1	1	84	1,1,0,1:-:6
k4_certs_5_pure.json.gz#4604[m=13,idx=58]|prof=79,118,8,36,200	13	[[0, 2, 9, 11], [1, 6, 10, 12], [3, 7, 11, 12], [4, 8, 11, 12], [5, 9, 10, 12]]	[[4, 5, 6, 8], [6, 5, 4, 8], [2, 3, 8, 4], [3, 2, 8, 4], [7, 6, 2, 10]]	[[11], [12], [3, 7], [4, 8], [5, 9]]	1	1	3	[0]	[11]	[0, 1, 2, 6, 10]	1	-1	1	84	1,1,0,1:-:6
k4_certs_5_pure.json.gz#4604[m=13,idx=58]|prof=79,118,8,8,200	13	[[0, 2, 9, 11], [1, 6, 10, 12], [3, 7, 11, 12], [4, 8, 11, 12], [5, 9, 10, 12]]	[[4, 5, 6, 8], [6, 5, 4, 8], [2, 3, 8, 4], [2, 3, 8, 4], [7, 6, 2, 10]]	[[11], [12], [3, 7], [4, 8], [5, 9]]	1	1	3	[0]	[11]	[0, 1, 2, 6, 10]	1	-1	1	84	1,1,0,1:-:6
k4_certs_5_pure.json.gz#4604[m=13,idx=58]|prof=79,79,8,8,200	13	[[0, 2, 9, 11], [1, 6, 10, 12], [3, 7, 11, 12], [4, 8, 11, 12], [5, 9, 10, 12]]	[[4, 5, 6, 8], [4, 5, 6, 8], [2, 3, 8, 4], [2, 3, 8, 4], [7, 6, 2, 10]]	[[11], [12], [3, 7], [4, 8], [5, 9]]	1	1	3	[0]	[11]	[0, 1, 2, 6, 10]	1	-1	1	84	1,1,0,1:-:6
k4_certs_5_pure.json.gz#4604[m=13,idx=58]|prof=79,79,36,8,200	13	[[0, 2, 9, 11], [1, 6, 10, 12], [3, 7, 11, 12], [4, 8, 11, 12], [5, 9, 10, 12]]	[[4, 5, 6, 8], [4, 5, 6, 8], [3, 2, 8, 4], [2, 3, 8, 4], [7, 6, 2, 10]]	[[11], [12], [3, 7], [4, 8], [5, 9]]	1	1	3	[0]	[11]	[0, 1, 2, 6, 10]	1	-1	1	84	1,1,0,1:-:6
k4_certs_5_pure.json.gz#4604[m=13,idx=58]|prof=44,79,36,8,200	13	[[0, 2, 9, 11], [1, 6, 10, 12], [3, 7, 11, 12], [4, 8, 11, 12], [5, 9, 10, 12]]	[[3, 5, 6, 7], [4, 5, 6, 8], [3, 2, 8, 4], [2, 3, 8, 4], [7, 6, 2, 10]]	[[11], [12], [3, 7], [4, 8], [5, 9]]	1	1	3	[0]	[11]	[0, 1, 2, 6, 10]	1	-1	1	84	1,1,0,1:-:6
k4_certs_5_pure.json.gz#4604[m=13,idx=58]|prof=44,79,8,8,200	13	[[0, 2, 9, 11], [1, 6, 10, 12], [3, 7, 11, 12], [4, 8, 11, 12], [5, 9, 10, 12]]	[[3, 5, 6, 7], [4, 5, 6, 8], [2, 3, 8, 4], [2, 3, 8, 4], [7, 6, 2, 10]]	[[11], [12], [3, 7], [4, 8], [5, 9]]	1	1	3	[0]	[11]	[0, 1, 2, 6, 10]	1	-1	1	84	1,1,0,1:-:6
k4_certs_5_pure.json.gz#4604[m=13,idx=58]|prof=79,79,8,36,200	13	[[0, 2, 9, 11], [1, 6, 10, 12], [3, 7, 11, 12], [4, 8, 11, 12], [5, 9, 10, 12]]	[[4, 5, 6, 8], [4, 5, 6, 8], [2, 3, 8, 4], [3, 2, 8, 4], [7, 6, 2, 10]]	[[11], [12], [3, 7], [4, 8], [5, 9]]	1	1	3	[0]	[11]	[0, 1, 2, 6, 10]	1	-1	1	84	1,1,0,1:-:6
k4_certs_5_pure.json.gz#4604[m=13,idx=58]|prof=79,79,36,36,200	13	[[0, 2, 9, 11], [1, 6, 10, 12], [3, 7, 11, 12], [4, 8, 11, 12], [5, 9, 10, 12]]	[[4, 5, 6, 8], [4, 5, 6, 8], [3, 2, 8, 4], [3, 2, 8, 4], [7, 6, 2, 10]]	[[11], [12], [3, 7], [4, 8], [5, 9]]	1	1	3	[0]	[11]	[0, 1, 2, 6, 10]	1	-1	1	84	1,1,0,1:-:6
k4_certs_5_pure.json.gz#4604[m=13,idx=58]|prof=44,118,36,8,158	13	[[0, 2, 9, 11], [1, 6, 10, 12], [3, 7, 11, 12], [4, 8, 11, 12], [5, 9, 10, 12]]	[[3, 5, 6, 7], [6, 5, 4, 8], [3, 2, 8, 4], [2, 3, 8, 4], [6, 4, 1, 8]]	[[11], [12], [3, 7], [4, 8], [5, 9]]	1	1	3	[0]	[11]	[0, 1, 2, 6, 10]	1	-1	1	84	1,1,0,1:-:6
k4_certs_5_pure.json.gz#4604[m=13,idx=58]|prof=44,79,8,8,158	13	[[0, 2, 9, 11], [1, 6, 10, 12], [3, 7, 11, 12], [4, 8, 11, 12], [5, 9, 10, 12]]	[[3, 5, 6, 7], [4, 5, 6, 8], [2, 3, 8, 4], [2, 3, 8, 4], [6, 4, 1, 8]]	[[11], [12], [3, 7], [4, 8], [5, 9]]	1	1	3	[0]	[11]	[0, 1, 2, 6, 10]	1	-1	1	84	1,1,0,1:-:6
k4_certs_5_pure.json.gz#4604[m=13,idx=58]|prof=95,79,8,8,158	13	[[0, 2, 9, 11], [1, 6, 10, 12], [3, 7, 11, 12], [4, 8, 11, 12], [5, 9, 10, 12]]	[[5, 4, 6, 8], [4, 5, 6, 8], [2, 3, 8, 4], [2, 3, 8, 4], [6, 4, 1, 8]]	[[11], [12], [3, 7], [4, 8], [5, 9]]	1	1	3	[0]	[11]	[0, 1, 2, 6, 10]	1	-1	1	84	1,1,0,1:-:6
k4_certs_5_pure.json.gz#4604[m=13,idx=58]|prof=44,79,8,36,158	13	[[0, 2, 9, 11], [1, 6, 10, 12], [3, 7, 11, 12], [4, 8, 11, 12], [5, 9, 10, 12]]	[[3, 5, 6, 7], [4, 5, 6, 8], [2, 3, 8, 4], [3, 2, 8, 4], [6, 4, 1, 8]]	[[11], [12], [3, 7], [4, 8], [5, 9]]	1	1	3	[0]	[11]	[0, 1, 2, 6, 10]	1	-1	1	84	1,1,0,1:-:6
k4_certs_5_pure.json.gz#4604[m=13,idx=58]|prof=95,79,8,36,158	13	[[0, 2, 9, 11], [1, 6, 10, 12], [3, 7, 11, 12], [4, 8, 11, 12], [5, 9, 10, 12]]	[[5, 4, 6, 8], [4, 5, 6, 8], [2, 3, 8, 4], [3, 2, 8, 4], [6, 4, 1, 8]]	[[11], [12], [3, 7], [4, 8], [5, 9]]	1	1	3	[0]	[11]	[0, 1, 2, 6, 10]	1	-1	1	84	1,1,0,1:-:6
k4_certs_5_pure.json.gz#4604[m=13,idx=58]|prof=95,83,8,36,158	13	[[0, 2, 9, 11], [1, 6, 10, 12], [3, 7, 11, 12], [4, 8, 11, 12], [5, 9, 10, 12]]	[[5, 4, 6, 8], [4, 6, 5, 8], [2, 3, 8, 4], [3, 2, 8, 4], [6, 4, 1, 8]]	[[11], [12], [3, 7], [4, 8], [5, 9]]	1	1	3	[0]	[11]	[0, 1, 2, 6, 10]	1	-1	1	84	1,1,0,1:-:6
k4_certs_5_pure.json.gz#4604[m=13,idx=58]|prof=95,83,8,8,158	13	[[0, 2, 9, 11], [1, 6, 10, 12], [3, 7, 11, 12], [4, 8, 11, 12], [5, 9, 10, 12]]	[[5, 4, 6, 8], [4, 6, 5, 8], [2, 3, 8, 4], [2, 3, 8, 4], [6, 4, 1, 8]]	[[11], [12], [3, 7], [4, 8], [5, 9]]	1	1	3	[0]	[11]	[0, 1, 2, 6, 10]	1	-1	1	84	1,1,0,1:-:6
k4_certs_5_pure.json.gz#4604[m=13,idx=58]|prof=95,83,8,8,98	13	[[0, 2, 9, 11], [1, 6, 10, 12], [3, 7, 11, 12], [4, 8, 11, 12], [5, 9, 10, 12]]	[[5, 4, 6, 8], [4, 6, 5, 8], [2, 3, 8, 4], [2, 3, 8, 4], [4, 6, 1, 8]]	[[11], [12], [3, 7], [4, 8], [5, 9]]	1	1	3	[0]	[11]	[0, 1, 2, 6, 10]	1	-1	1	84	1,1,0,1:-:6
k4_certs_5_pure.json.gz#4604[m=13,idx=58]|prof=92,83,8,8,98	13	[[0, 2, 9, 11], [1, 6, 10, 12], [3, 7, 11, 12], [4, 8, 11, 12], [5, 9, 10, 12]]	[[5, 3, 6, 7], [4, 6, 5, 8], [2, 3, 8, 4], [2, 3, 8, 4], [4, 6, 1, 8]]	[[11], [12], [3, 7], [4, 8], [5, 9]]	1	1	3	[0]	[11]	[0, 1, 2, 6, 10]	1	-1	1	84	1,1,0,1:-:6
k4_certs_5_pure.json.gz#4604[m=13,idx=58]|prof=79,83,8,8,98	13	[[0, 2, 9, 11], [1, 6, 10, 12], [3, 7, 11, 12], [4, 8, 11, 12], [5, 9, 10, 12]]	[[4, 5, 6, 8], [4, 6, 5, 8], [2, 3, 8, 4], [2, 3, 8, 4], [4, 6, 1, 8]]	[[11], [12], [3, 7], [4, 8], [5, 9]]	1	1	3	[0]	[11]	[0, 1, 2, 6, 10]	1	-1	1	84	1,1,0,1:-:6
k4_certs_5_pure.json.gz#4604[m=13,idx=58]|prof=44,118,8,36,158	13	[[0, 2, 9, 11], [1, 6, 10, 12], [3, 7, 11, 12], [4, 8, 11, 12], [5, 9, 10, 12]]	[[3, 5, 6, 7], [6, 5, 4, 8], [2, 3, 8, 4], [3, 2, 8, 4], [6, 4, 1, 8]]	[[11], [12], [3, 7], [4, 8], [5, 9]]	1	1	3	[0]	[11]	[0, 1, 2, 6, 10]	1	-1	1	84	1,1,0,1:-:6
k4_certs_5_pure.json.gz#4604[m=13,idx=58]|prof=44,83,8,36,158	13	[[0, 2, 9, 11], [1, 6, 10, 12], [3, 7, 11, 12], [4, 8, 11, 12], [5, 9, 10, 12]]	[[3, 5, 6, 7], [4, 6, 5, 8], [2, 3, 8, 4], [3, 2, 8, 4], [6, 4, 1, 8]]	[[11], [12], [3, 7], [4, 8], [5, 9]]	1	1	3	[0]	[11]	[0, 1, 2, 6, 10]	1	-1	1	84	1,1,0,1:-:6
k4_certs_5_pure.json.gz#4604[m=13,idx=58]|prof=44,118,8,36,98	13	[[0, 2, 9, 11], [1, 6, 10, 12], [3, 7, 11, 12], [4, 8, 11, 12], [5, 9, 10, 12]]	[[3, 5, 6, 7], [6, 5, 4, 8], [2, 3, 8, 4], [3, 2, 8, 4], [4, 6, 1, 8]]	[[11], [12], [3, 7], [4, 8], [5, 9]]	1	1	3	[0]	[11]	[0, 1, 2, 6, 10]	1	-1	1	84	1,1,0,1:-:6
k4_certs_5_pure.json.gz#4604[m=13,idx=58]|prof=44,118,8,8,98	13	[[0, 2, 9, 11], [1, 6, 10, 12], [3, 7, 11, 12], [4, 8, 11, 12], [5, 9, 10, 12]]	[[3, 5, 6, 7], [6, 5, 4, 8], [2, 3, 8, 4], [2, 3, 8, 4], [4, 6, 1, 8]]	[[11], [12], [3, 7], [4, 8], [5, 9]]	1	1	3	[0]	[11]	[0, 1, 2, 6, 10]	1	-1	1	84	1,1,0,1:-:6
k4_certs_5_pure.json.gz#4604[m=13,idx=58]|prof=44,118,36,36,98	13	[[0, 2, 9, 11], [1, 6, 10, 12], [3, 7, 11, 12], [4, 8, 11, 12], [5, 9, 10, 12]]	[[3, 5, 6, 7], [6, 5, 4, 8], [3, 2, 8, 4], [3, 2, 8, 4], [4, 6, 1, 8]]	[[11], [12], [3, 7], [4, 8], [5, 9]]	1	1	3	[0]	[11]	[0, 1, 2, 6, 10]	1	-1	1	84	1,1,0,1:-:6
k4_certs_5_pure.json.gz#4604[m=13,idx=58]|prof=44,118,36,36,200	13	[[0, 2, 9, 11], [1, 6, 10, 12], [3, 7, 11, 12], [4, 8, 11, 12], [5, 9, 10, 12]]	[[3, 5, 6, 7], [6, 5, 4, 8], [3, 2, 8, 4], [3, 2, 8, 4], [7, 6, 2, 10]]	[[11], [12], [3, 7], [4, 8], [5, 9]]	1	1	3	[0]	[11]	[0, 1, 2, 6, 10]	1	-1	1	84	1,1,0,1:-:6
k4_certs_5_pure.json.gz#4604[m=13,idx=58]|prof=92,118,36,36,200	13	[[0, 2, 9, 11], [1, 6, 10, 12], [3, 7, 11, 12], [4, 8, 11, 12], [5, 9, 10, 12]]	[[5, 3, 6, 7], [6, 5, 4, 8], [3, 2, 8, 4], [3, 2, 8, 4], [7, 6, 2, 10]]	[[11], [12], [3, 7], [4, 8], [5, 9]]	1	1	3	[0]	[11]	[0, 1, 2, 6, 10]	1	-1	1	84	1,1,0,1:-:6
k4_certs_5_pure.json.gz#4604[m=13,idx=58]|prof=95,118,36,36,200	13	[[0, 2, 9, 11], [1, 6, 10, 12], [3, 7, 11, 12], [4, 8, 11, 12], [5, 9, 10, 12]]	[[5, 4, 6, 8], [6, 5, 4, 8], [3, 2, 8, 4], [3, 2, 8, 4], [7, 6, 2, 10]]	[[11], [12], [3, 7], [4, 8], [5, 9]]	1	1	3	[0]	[11]	[0, 1, 2, 6, 10]	1	-1	1	84	1,1,0,1:-:6
k4_certs_5_pure.json.gz#4604[m=13,idx=58]|prof=95,95,36,36,200	13	[[0, 2, 9, 11], [1, 6, 10, 12], [3, 7, 11, 12], [4, 8, 11, 12], [5, 9, 10, 12]]	[[5, 4, 6, 8], [5, 4, 6, 8], [3, 2, 8, 4], [3, 2, 8, 4], [7, 6, 2, 10]]	[[11], [12], [3, 7], [4, 8], [5, 9]]	1	1	3	[0]	[11]	[0, 1, 2, 6, 10]	1	-1	1	84	1,1,0,1:-:6
k4_certs_5_pure.json.gz#4604[m=13,idx=58]|prof=95,95,36,8,200	13	[[0, 2, 9, 11], [1, 6, 10, 12], [3, 7, 11, 12], [4, 8, 11, 12], [5, 9, 10, 12]]	[[5, 4, 6, 8], [5, 4, 6, 8], [3, 2, 8, 4], [2, 3, 8, 4], [7, 6, 2, 10]]	[[11], [12], [3, 7], [4, 8], [5, 9]]	1	1	3	[0]	[11]	[0, 1, 2, 6, 10]	1	-1	1	84	1,1,0,1:-:6
k4_certs_5_pure.json.gz#4604[m=13,idx=58]|prof=95,95,36,36,158	13	[[0, 2, 9, 11], [1, 6, 10, 12], [3, 7, 11, 12], [4, 8, 11, 12], [5, 9, 10, 12]]	[[5, 4, 6, 8], [5, 4, 6, 8], [3, 2, 8, 4], [3, 2, 8, 4], [6, 4, 1, 8]]	[[11], [12], [3, 7], [4, 8], [5, 9]]	1	1	3	[0]	[11]	[0, 1, 2, 6, 10]	1	-1	1	84	1,1,0,1:-:6
k4_certs_5_pure.json.gz#4604[m=13,idx=58]|prof=95,118,36,8,200	13	[[0, 2, 9, 11], [1, 6, 10, 12], [3, 7, 11, 12], [4, 8, 11, 12], [5, 9, 10, 12]]	[[5, 4, 6, 8], [6, 5, 4, 8], [3, 2, 8, 4], [2, 3, 8, 4], [7, 6, 2, 10]]	[[11], [12], [3, 7], [4, 8], [5, 9]]	1	1	3	[0]	[11]	[0, 1, 2, 6, 10]	1	-1	1	84	1,1,0,1:-:6
k4_certs_5_pure.json.gz#4604[m=13,idx=58]|prof=95,118,8,8,200	13	[[0, 2, 9, 11], [1, 6, 10, 12], [3, 7, 11, 12], [4, 8, 11, 12], [5, 9, 10, 12]]	[[5, 4, 6, 8], [6, 5, 4, 8], [2, 3, 8, 4], [2, 3, 8, 4], [7, 6, 2, 10]]	[[11], [12], [3, 7], [4, 8], [5, 9]]	1	1	3	[0]	[11]	[0, 1, 2, 6, 10]	1	-1	1	84	1,1,0,1:-:6
k4_certs_5_pure.json.gz#4604[m=13,idx=58]|prof=95,118,8,8,158	13	[[0, 2, 9, 11], [1, 6, 10, 12], [3, 7, 11, 12], [4, 8, 11, 12], [5, 9, 10, 12]]	[[5, 4, 6, 8], [6, 5, 4, 8], [2, 3, 8, 4], [2, 3, 8, 4], [6, 4, 1, 8]]	[[11], [12], [3, 7], [4, 8], [5, 9]]	1	1	3	[0]	[11]	[0, 1, 2, 6, 10]	1	-1	1	84	1,1,0,1:-:6
k4_certs_5_pure.json.gz#4604[m=13,idx=58]|prof=95,118,36,8,158	13	[[0, 2, 9, 11], [1, 6, 10, 12], [3, 7, 11, 12], [4, 8, 11, 12], [5, 9, 10, 12]]	[[5, 4, 6, 8], [6, 5, 4, 8], [3, 2, 8, 4], [2, 3, 8, 4], [6, 4, 1, 8]]	[[11], [12], [3, 7], [4, 8], [5, 9]]	1	1	3	[0]	[11]	[0, 1, 2, 6, 10]	1	-1	1	84	1,1,0,1:-:6
k4_certs_5_pure.json.gz#4604[m=13,idx=58]|prof=44,98,36,8,158	13	[[0, 2, 9, 11], [1, 6, 10, 12], [3, 7, 11, 12], [4, 8, 11, 12], [5, 9, 10, 12]]	[[3, 5, 6, 7], [5, 6, 4, 8], [3, 2, 8, 4], [2, 3, 8, 4], [6, 4, 1, 8]]	[[11], [12], [3, 7], [4, 8], [5, 9]]	1	1	3	[0]	[11]	[0, 1, 2, 6, 10]	1	-1	1	84	1,1,0,1:-:6
k4_certs_5_pure.json.gz#4604[m=13,idx=58]|prof=44,83,36,8,158	13	[[0, 2, 9, 11], [1, 6, 10, 12], [3, 7, 11, 12], [4, 8, 11, 12], [5, 9, 10, 12]]	[[3, 5, 6, 7], [4, 6, 5, 8], [3, 2, 8, 4], [2, 3, 8, 4], [6, 4, 1, 8]]	[[11], [12], [3, 7], [4, 8], [5, 9]]	1	1	3	[0]	[11]	[0, 1, 2, 6, 10]	1	-1	1	84	1,1,0,1:-:6
k4_certs_5_pure.json.gz#4604[m=13,idx=58]|prof=79,98,36,8,158	13	[[0, 2, 9, 11], [1, 6, 10, 12], [3, 7, 11, 12], [4, 8, 11, 12], [5, 9, 10, 12]]	[[4, 5, 6, 8], [5, 6, 4, 8], [3, 2, 8, 4], [2, 3, 8, 4], [6, 4, 1, 8]]	[[11], [12], [3, 7], [4, 8], [5, 9]]	1	1	3	[0]	[11]	[0, 1, 2, 6, 10]	1	-1	1	84	1,1,0,1:-:6
k4_certs_5_pure.json.gz#4604[m=13,idx=58]|prof=79,98,8,8,158	13	[[0, 2, 9, 11], [1, 6, 10, 12], [3, 7, 11, 12], [4, 8, 11, 12], [5, 9, 10, 12]]	[[4, 5, 6, 8], [5, 6, 4, 8], [2, 3, 8, 4], [2, 3, 8, 4], [6, 4, 1, 8]]	[[11], [12], [3, 7], [4, 8], [5, 9]]	1	1	3	[0]	[11]	[0, 1, 2, 6, 10]	1	-1	1	84	1,1,0,1:-:6
k4_certs_5_pure.json.gz#4604[m=13,idx=58]|prof=79,98,8,36,158	13	[[0, 2, 9, 11], [1, 6, 10, 12], [3, 7, 11, 12], [4, 8, 11, 12], [5, 9, 10, 12]]	[[4, 5, 6, 8], [5, 6, 4, 8], [2, 3, 8, 4], [3, 2, 8, 4], [6, 4, 1, 8]]	[[11], [12], [3, 7], [4, 8], [5, 9]]	1	1	3	[0]	[11]	[0, 1, 2, 6, 10]	1	-1	1	84	1,1,0,1:-:6
k4_certs_5_pure.json.gz#4604[m=13,idx=58]|prof=79,115,8,36,158	13	[[0, 2, 9, 11], [1, 6, 10, 12], [3, 7, 11, 12], [4, 8, 11, 12], [5, 9, 10, 12]]	[[4, 5, 6, 8], [6, 4, 5, 8], [2, 3, 8, 4], [3, 2, 8, 4], [6, 4, 1, 8]]	[[11], [12], [3, 7], [4, 8], [5, 9]]	1	1	3	[0]	[11]	[0, 1, 2, 6, 10]	1	-1	1	84	1,1,0,1:-:6
k4_certs_5_pure.json.gz#4604[m=13,idx=58]|prof=79,83,8,36,158	13	[[0, 2, 9, 11], [1, 6, 10, 12], [3, 7, 11, 12], [4, 8, 11, 12], [5, 9, 10, 12]]	[[4, 5, 6, 8], [4, 6, 5, 8], [2, 3, 8, 4], [3, 2, 8, 4], [6, 4, 1, 8]]	[[11], [12], [3, 7], [4, 8], [5, 9]]	1	1	3	[0]	[11]	[0, 1, 2, 6, 10]	1	-1	1	84	1,1,0,1:-:6
k4_certs_5_pure.json.gz#4604[m=13,idx=58]|prof=79,118,8,36,158	13	[[0, 2, 9, 11], [1, 6, 10, 12], [3, 7, 11, 12], [4, 8, 11, 12], [5, 9, 10, 12]]	[[4, 5, 6, 8], [6, 5, 4, 8], [2, 3, 8, 4], [3, 2, 8, 4], [6, 4, 1, 8]]	[[11], [12], [3, 7], [4, 8], [5, 9]]	1	1	3	[0]	[11]	[0, 1, 2, 6, 10]	1	-1	1	84	1,1,0,1:-:6
k4_certs_5_pure.json.gz#4604[m=13,idx=58]|prof=95,118,8,36,158	13	[[0, 2, 9, 11], [1, 6, 10, 12], [3, 7, 11, 12], [4, 8, 11, 12], [5, 9, 10, 12]]	[[5, 4, 6, 8], [6, 5, 4, 8], [2, 3, 8, 4], [3, 2, 8, 4], [6, 4, 1, 8]]	[[11], [12], [3, 7], [4, 8], [5, 9]]	1	1	3	[0]	[11]	[0, 1, 2, 6, 10]	1	-1	1	84	1,1,0,1:-:6
