dump	file	pos	idx	m	sets	prof	vals	B	f	def	k	sig	frozen	NA	nbetter	nearest_shapes
dump_n5c_purebt.jsonl.gz	k4_certs_5_pure.json.gz	2614	568	10	[[0, 2, 4, 8], [1, 3, 8, 9], [3, 4, 8, 9], [5, 6, 7, 9], [5, 6, 7, 9]]	[6, 9, 43, 24, 24]	[[2, 6, 3, 10], [2, 8, 4, 3], [10, 2, 6, 3], [4, 2, 3, 8], [4, 2, 3, 8]]	[[8], [9], [3], [5], [6, 7]]	3	1	3	G,D2,PM	[0, 1, 2]	[3, 8, 9]	56	{"chain3": 8}
dump_n5c_purebt.jsonl.gz	k4_certs_5_pure.json.gz	2614	568	10	[[0, 2, 4, 8], [1, 3, 8, 9], [3, 4, 8, 9], [5, 6, 7, 9], [5, 6, 7, 9]]	[6, 9, 43, 24, 24]	[[2, 6, 3, 10], [2, 8, 4, 3], [10, 2, 6, 3], [4, 2, 3, 8], [4, 2, 3, 8]]	[[8], [9], [3], [6, 7], [5]]	3	1	3	G,D2,PM	[0, 1, 2]	[3, 8, 9]	56	{"chain3": 8}
dump_n5c_purebt.jsonl.gz	k4_certs_5_pure.json.gz	2614	568	10	[[0, 2, 4, 8], [1, 3, 8, 9], [3, 4, 8, 9], [5, 6, 7, 9], [5, 6, 7, 9]]	[6, 11, 45, 0, 4]	[[2, 6, 3, 10], [2, 10, 6, 3], [10, 3, 6, 2], [2, 3, 4, 8], [2, 4, 3, 8]]	[[8], [9], [3], [7], [6]]	3	1	3	fO,G,D2	[0, 1, 2]	[3, 8, 9]	56	{"chain3": 8}
dump_n5c_purebt.jsonl.gz	k4_certs_5_pure.json.gz	2614	568	10	[[0, 2, 4, 8], [1, 3, 8, 9], [3, 4, 8, 9], [5, 6, 7, 9], [5, 6, 7, 9]]	[6, 11, 45, 0, 4]	[[2, 6, 3, 10], [2, 10, 6, 3], [10, 3, 6, 2], [2, 3, 4, 8], [2, 4, 3, 8]]	[[8], [9], [3], [7], [5, 6]]	3	1	3	G,D2,PM	[0, 1, 2]	[3, 8, 9]	56	{"chain3": 8}
dump_n5c_purebt.jsonl.gz	k4_certs_5_pure.json.gz	2614	568	10	[[0, 2, 4, 8], [1, 3, 8, 9], [3, 4, 8, 9], [5, 6, 7, 9], [5, 6, 7, 9]]	[6, 11, 45, 0, 4]	[[2, 6, 3, 10], [2, 10, 6, 3], [10, 3, 6, 2], [2, 3, 4, 8], [2, 4, 3, 8]]	[[8], [9], [3], [5, 7], [6]]	3	1	3	G,D2,PM	[0, 1, 2]	[3, 8, 9]	56	{"chain3": 8}
dump_n5c_purebt.jsonl.gz	k4_certs_5_pure.json.gz	2614	568	10	[[0, 2, 4, 8], [1, 3, 8, 9], [3, 4, 8, 9], [5, 6, 7, 9], [5, 6, 7, 9]]	[1, 11, 39, 16, 0]	[[2, 3, 6, 10], [2, 10, 6, 3], [8, 3, 4, 2], [3, 4, 2, 8], [2, 3, 4, 8]]	[[8], [9], [3], [6], [7]]	3	1	3	fO,G,D2	[0, 1, 2]	[3, 8, 9]	56	{"chain3": 8}
dump_n5c_purebt.jsonl.gz	k4_certs_5_pure.json.gz	2614	568	10	[[0, 2, 4, 8], [1, 3, 8, 9], [3, 4, 8, 9], [5, 6, 7, 9], [5, 6, 7, 9]]	[1, 11, 39, 16, 0]	[[2, 3, 6, 10], [2, 10, 6, 3], [8, 3, 4, 2], [3, 4, 2, 8], [2, 3, 4, 8]]	[[8], [9], [3], [6], [5, 7]]	3	1	3	G,D2,PM	[0, 1, 2]	[3, 8, 9]	56	{"chain3": 8}
dump_n5c_purebt.jsonl.gz	k4_certs_5_pure.json.gz	2614	568	10	[[0, 2, 4, 8], [1, 3, 8, 9], [3, 4, 8, 9], [5, 6, 7, 9], [5, 6, 7, 9]]	[1, 11, 39, 16, 0]	[[2, 3, 6, 10], [2, 10, 6, 3], [8, 3, 4, 2], [3, 4, 2, 8], [2, 3, 4, 8]]	[[8], [9], [3], [5, 6], [7]]	3	1	3	G,D2,PM	[0, 1, 2]	[3, 8, 9]	56	{"chain3": 8}
dump_n5c_purebt.jsonl.gz	k4_certs_5_pure.json.gz	4170	25	12	[[0, 2, 6, 10], [1, 4, 9, 11], [3, 5, 9, 11], [6, 7, 8, 10], [7, 8, 10, 11]]	[1, 12, 8, 3, 11]	[[2, 3, 6, 10], [3, 4, 2, 8], [3, 2, 4, 8], [2, 3, 10, 6], [2, 10, 6, 3]]	[[10], [4], [3, 5], [8], [11]]	3	1	3	fO,G,D2	[0, 3, 4]	[8, 10, 11]	64	{"chain3": 10}
dump_n5c_purebt.jsonl.gz	k4_certs_5_pure.json.gz	4170	25	12	[[0, 2, 6, 10], [1, 4, 9, 11], [3, 5, 9, 11], [6, 7, 8, 10], [7, 8, 10, 11]]	[1, 12, 8, 3, 11]	[[2, 3, 6, 10], [3, 4, 2, 8], [3, 2, 4, 8], [2, 3, 10, 6], [2, 10, 6, 3]]	[[10], [4], [9], [8], [11]]	3	1	3	fO,G,D2	[0, 3, 4]	[8, 10, 11]	64	{"chain3": 10}
dump_n5c_purebt.jsonl.gz	k4_certs_5_pure.json.gz	4170	25	12	[[0, 2, 6, 10], [1, 4, 9, 11], [3, 5, 9, 11], [6, 7, 8, 10], [7, 8, 10, 11]]	[1, 12, 8, 3, 11]	[[2, 3, 6, 10], [3, 4, 2, 8], [3, 2, 4, 8], [2, 3, 10, 6], [2, 10, 6, 3]]	[[10], [4], [3, 9], [8], [11]]	3	1	3	fO,G,D2	[0, 3, 4]	[8, 10, 11]	64	{"chain3": 10}
dump_n5c_purebt.jsonl.gz	k4_certs_5_pure.json.gz	4170	25	12	[[0, 2, 6, 10], [1, 4, 9, 11], [3, 5, 9, 11], [6, 7, 8, 10], [7, 8, 10, 11]]	[1, 12, 8, 3, 11]	[[2, 3, 6, 10], [3, 4, 2, 8], [3, 2, 4, 8], [2, 3, 10, 6], [2, 10, 6, 3]]	[[10], [4], [5, 9], [8], [11]]	3	1	3	fO,G,D2	[0, 3, 4]	[8, 10, 11]	64	{"chain3": 10}
dump_n5c_purebt.jsonl.gz	k4_certs_5_pure.json.gz	4170	25	12	[[0, 2, 6, 10], [1, 4, 9, 11], [3, 5, 9, 11], [6, 7, 8, 10], [7, 8, 10, 11]]	[1, 12, 8, 3, 11]	[[2, 3, 6, 10], [3, 4, 2, 8], [3, 2, 4, 8], [2, 3, 10, 6], [2, 10, 6, 3]]	[[10], [1, 4], [3, 5], [8], [11]]	3	1	3	G,D2	[0, 3, 4]	[8, 10, 11]	64	{"chain3": 10}
dump_n5c_purebt.jsonl.gz	k4_certs_5_pure.json.gz	4170	25	12	[[0, 2, 6, 10], [1, 4, 9, 11], [3, 5, 9, 11], [6, 7, 8, 10], [7, 8, 10, 11]]	[1, 12, 8, 3, 11]	[[2, 3, 6, 10], [3, 4, 2, 8], [3, 2, 4, 8], [2, 3, 10, 6], [2, 10, 6, 3]]	[[10], [1, 4], [9], [8], [11]]	3	1	3	fO,G,D2	[0, 3, 4]	[8, 10, 11]	64	{"chain3": 10}
dump_n5c_purebt.jsonl.gz	k4_certs_5_pure.json.gz	4170	25	12	[[0, 2, 6, 10], [1, 4, 9, 11], [3, 5, 9, 11], [6, 7, 8, 10], [7, 8, 10, 11]]	[1, 12, 8, 3, 11]	[[2, 3, 6, 10], [3, 4, 2, 8], [3, 2, 4, 8], [2, 3, 10, 6], [2, 10, 6, 3]]	[[10], [1, 4], [3, 9], [8], [11]]	3	1	3	G,D2,PM	[0, 3, 4]	[8, 10, 11]	64	{"chain3": 10}
dump_n5c_purebt.jsonl.gz	k4_certs_5_pure.json.gz	4170	25	12	[[0, 2, 6, 10], [1, 4, 9, 11], [3, 5, 9, 11], [6, 7, 8, 10], [7, 8, 10, 11]]	[1, 12, 8, 3, 11]	[[2, 3, 6, 10], [3, 4, 2, 8], [3, 2, 4, 8], [2, 3, 10, 6], [2, 10, 6, 3]]	[[10], [1, 4], [5, 9], [8], [11]]	3	1	3	G,D2	[0, 3, 4]	[8, 10, 11]	64	{"chain3": 10}
dump_n5c_purebt.jsonl.gz	k4_certs_5_pure.json.gz	4170	25	12	[[0, 2, 6, 10], [1, 4, 9, 11], [3, 5, 9, 11], [6, 7, 8, 10], [7, 8, 10, 11]]	[1, 12, 8, 3, 11]	[[2, 3, 6, 10], [3, 4, 2, 8], [3, 2, 4, 8], [2, 3, 10, 6], [2, 10, 6, 3]]	[[10], [1, 9], [3, 5], [8], [11]]	3	1	3	G,D2	[0, 3, 4]	[8, 10, 11]	64	{"chain3": 10}
dump_n5c_purebt.jsonl.gz	k4_certs_5_pure.json.gz	4170	25	12	[[0, 2, 6, 10], [1, 4, 9, 11], [3, 5, 9, 11], [6, 7, 8, 10], [7, 8, 10, 11]]	[1, 12, 8, 3, 11]	[[2, 3, 6, 10], [3, 4, 2, 8], [3, 2, 4, 8], [2, 3, 10, 6], [2, 10, 6, 3]]	[[10], [4, 9], [3, 5], [8], [11]]	3	1	3	G,D2	[0, 3, 4]	[8, 10, 11]	64	{"chain3": 10}
dump_n5c_purebt.jsonl.gz	k4_certs_5_pure.json.gz	4170	25	12	[[0, 2, 6, 10], [1, 4, 9, 11], [3, 5, 9, 11], [6, 7, 8, 10], [7, 8, 10, 11]]	[4, 8, 16, 22, 43]	[[2, 4, 3, 8], [3, 2, 4, 8], [4, 2, 3, 8], [3, 10, 2, 6], [10, 2, 6, 3]]	[[10], [1, 4], [3], [7], [11]]	3	1	3	fO,G,D2	[0, 3, 4]	[7, 10, 11]	80	{"chain3": 12}
dump_n5c_purebt.jsonl.gz	k4_certs_5_pure.json.gz	4170	25	12	[[0, 2, 6, 10], [1, 4, 9, 11], [3, 5, 9, 11], [6, 7, 8, 10], [7, 8, 10, 11]]	[4, 8, 16, 22, 43]	[[2, 4, 3, 8], [3, 2, 4, 8], [4, 2, 3, 8], [3, 10, 2, 6], [10, 2, 6, 3]]	[[10], [1, 4], [3, 5], [7], [11]]	3	1	3	G,D2	[0, 3, 4]	[7, 10, 11]	80	{"chain3": 12}
dump_n5c_purebt.jsonl.gz	k4_certs_5_pure.json.gz	4170	25	12	[[0, 2, 6, 10], [1, 4, 9, 11], [3, 5, 9, 11], [6, 7, 8, 10], [7, 8, 10, 11]]	[4, 8, 16, 22, 43]	[[2, 4, 3, 8], [3, 2, 4, 8], [4, 2, 3, 8], [3, 10, 2, 6], [10, 2, 6, 3]]	[[10], [1, 4], [3, 9], [7], [11]]	3	1	3	G,D2,PM	[0, 3, 4]	[7, 10, 11]	80	{"chain3": 12}
dump_n5c_purebt.jsonl.gz	k4_certs_5_pure.json.gz	4170	25	12	[[0, 2, 6, 10], [1, 4, 9, 11], [3, 5, 9, 11], [6, 7, 8, 10], [7, 8, 10, 11]]	[4, 8, 16, 22, 43]	[[2, 4, 3, 8], [3, 2, 4, 8], [4, 2, 3, 8], [3, 10, 2, 6], [10, 2, 6, 3]]	[[10], [1, 4], [5, 9], [7], [11]]	3	1	3	G,D2	[0, 3, 4]	[7, 10, 11]	80	{"chain3": 12}
dump_n5c_purebt.jsonl.gz	k4_certs_5_pure.json.gz	4170	25	12	[[0, 2, 6, 10], [1, 4, 9, 11], [3, 5, 9, 11], [6, 7, 8, 10], [7, 8, 10, 11]]	[4, 8, 16, 22, 43]	[[2, 4, 3, 8], [3, 2, 4, 8], [4, 2, 3, 8], [3, 10, 2, 6], [10, 2, 6, 3]]	[[10], [9], [3], [7], [11]]	3	1	3	fO,G,D2	[0, 3, 4]	[7, 10, 11]	80	{"chain3": 12}
dump_n5c_purebt.jsonl.gz	k4_certs_5_pure.json.gz	4170	25	12	[[0, 2, 6, 10], [1, 4, 9, 11], [3, 5, 9, 11], [6, 7, 8, 10], [7, 8, 10, 11]]	[4, 8, 16, 22, 43]	[[2, 4, 3, 8], [3, 2, 4, 8], [4, 2, 3, 8], [3, 10, 2, 6], [10, 2, 6, 3]]	[[10], [9], [3, 5], [7], [11]]	3	1	3	fO,G,D2	[0, 3, 4]	[7, 10, 11]	80	{"chain3": 12}
dump_n5c_purebt.jsonl.gz	k4_certs_5_pure.json.gz	4170	25	12	[[0, 2, 6, 10], [1, 4, 9, 11], [3, 5, 9, 11], [6, 7, 8, 10], [7, 8, 10, 11]]	[4, 8, 16, 22, 43]	[[2, 4, 3, 8], [3, 2, 4, 8], [4, 2, 3, 8], [3, 10, 2, 6], [10, 2, 6, 3]]	[[10], [1, 9], [3], [7], [11]]	3	1	3	fO,G,D2	[0, 3, 4]	[7, 10, 11]	80	{"chain3": 12}
dump_n5c_purebt.jsonl.gz	k4_certs_5_pure.json.gz	4170	25	12	[[0, 2, 6, 10], [1, 4, 9, 11], [3, 5, 9, 11], [6, 7, 8, 10], [7, 8, 10, 11]]	[4, 8, 16, 22, 43]	[[2, 4, 3, 8], [3, 2, 4, 8], [4, 2, 3, 8], [3, 10, 2, 6], [10, 2, 6, 3]]	[[10], [1, 9], [3, 5], [7], [11]]	3	1	3	G,D2,PM	[0, 3, 4]	[7, 10, 11]	80	{"chain3": 12}
dump_n5c_purebt.jsonl.gz	k4_certs_5_pure.json.gz	4170	25	12	[[0, 2, 6, 10], [1, 4, 9, 11], [3, 5, 9, 11], [6, 7, 8, 10], [7, 8, 10, 11]]	[4, 8, 16, 22, 43]	[[2, 4, 3, 8], [3, 2, 4, 8], [4, 2, 3, 8], [3, 10, 2, 6], [10, 2, 6, 3]]	[[10], [4, 9], [3], [7], [11]]	3	1	3	fO,G,D2	[0, 3, 4]	[7, 10, 11]	80	{"chain3": 12}
dump_n5c_purebt.jsonl.gz	k4_certs_5_pure.json.gz	4170	25	12	[[0, 2, 6, 10], [1, 4, 9, 11], [3, 5, 9, 11], [6, 7, 8, 10], [7, 8, 10, 11]]	[4, 8, 16, 22, 43]	[[2, 4, 3, 8], [3, 2, 4, 8], [4, 2, 3, 8], [3, 10, 2, 6], [10, 2, 6, 3]]	[[10], [4, 9], [3, 5], [7], [11]]	3	1	3	G,D2	[0, 3, 4]	[7, 10, 11]	80	{"chain3": 12}
dump_n5c_purebt.jsonl.gz	k4_certs_5_pure.json.gz	4170	25	12	[[0, 2, 6, 10], [1, 4, 9, 11], [3, 5, 9, 11], [6, 7, 8, 10], [7, 8, 10, 11]]	[22, 18, 4, 10, 37]	[[6, 3, 2, 10], [4, 3, 2, 8], [2, 4, 3, 8], [2, 10, 3, 6], [8, 2, 4, 3]]	[[10], [1], [5], [7], [11]]	3	1	3	fO,G,D2	[0, 3, 4]	[7, 10, 11]	64	{"chain3": 10}
dump_n5c_purebt.jsonl.gz	k4_certs_5_pure.json.gz	4170	25	12	[[0, 2, 6, 10], [1, 4, 9, 11], [3, 5, 9, 11], [6, 7, 8, 10], [7, 8, 10, 11]]	[22, 18, 4, 10, 37]	[[6, 3, 2, 10], [4, 3, 2, 8], [2, 4, 3, 8], [2, 10, 3, 6], [8, 2, 4, 3]]	[[10], [1], [3, 5], [7], [11]]	3	1	3	fO,G,D2	[0, 3, 4]	[7, 10, 11]	64	{"chain3": 10}
dump_n5c_purebt.jsonl.gz	k4_certs_5_pure.json.gz	4170	25	12	[[0, 2, 6, 10], [1, 4, 9, 11], [3, 5, 9, 11], [6, 7, 8, 10], [7, 8, 10, 11]]	[22, 18, 4, 10, 37]	[[6, 3, 2, 10], [4, 3, 2, 8], [2, 4, 3, 8], [2, 10, 3, 6], [8, 2, 4, 3]]	[[10], [1], [3, 9], [7], [11]]	3	1	3	fO,G,D2	[0, 3, 4]	[7, 10, 11]	64	{"chain3": 10}
dump_n5c_purebt.jsonl.gz	k4_certs_5_pure.json.gz	4170	25	12	[[0, 2, 6, 10], [1, 4, 9, 11], [3, 5, 9, 11], [6, 7, 8, 10], [7, 8, 10, 11]]	[22, 18, 4, 10, 37]	[[6, 3, 2, 10], [4, 3, 2, 8], [2, 4, 3, 8], [2, 10, 3, 6], [8, 2, 4, 3]]	[[10], [1], [5, 9], [7], [11]]	3	1	3	fO,G,D2	[0, 3, 4]	[7, 10, 11]	64	{"chain3": 10}
dump_n5c_purebt.jsonl.gz	k4_certs_5_pure.json.gz	4170	25	12	[[0, 2, 6, 10], [1, 4, 9, 11], [3, 5, 9, 11], [6, 7, 8, 10], [7, 8, 10, 11]]	[22, 18, 4, 10, 37]	[[6, 3, 2, 10], [4, 3, 2, 8], [2, 4, 3, 8], [2, 10, 3, 6], [8, 2, 4, 3]]	[[10], [1, 4], [5], [7], [11]]	3	1	3	fO,G,D2	[0, 3, 4]	[7, 10, 11]	64	{"chain3": 10}
dump_n5c_purebt.jsonl.gz	k4_certs_5_pure.json.gz	4170	25	12	[[0, 2, 6, 10], [1, 4, 9, 11], [3, 5, 9, 11], [6, 7, 8, 10], [7, 8, 10, 11]]	[22, 18, 4, 10, 37]	[[6, 3, 2, 10], [4, 3, 2, 8], [2, 4, 3, 8], [2, 10, 3, 6], [8, 2, 4, 3]]	[[10], [1, 4], [3, 5], [7], [11]]	3	1	3	G,D2	[0, 3, 4]	[7, 10, 11]	64	{"chain3": 10}
dump_n5c_purebt.jsonl.gz	k4_certs_5_pure.json.gz	4170	25	12	[[0, 2, 6, 10], [1, 4, 9, 11], [3, 5, 9, 11], [6, 7, 8, 10], [7, 8, 10, 11]]	[22, 18, 4, 10, 37]	[[6, 3, 2, 10], [4, 3, 2, 8], [2, 4, 3, 8], [2, 10, 3, 6], [8, 2, 4, 3]]	[[10], [1, 4], [3, 9], [7], [11]]	3	1	3	G,D2	[0, 3, 4]	[7, 10, 11]	64	{"chain3": 10}
dump_n5c_purebt.jsonl.gz	k4_certs_5_pure.json.gz	4170	25	12	[[0, 2, 6, 10], [1, 4, 9, 11], [3, 5, 9, 11], [6, 7, 8, 10], [7, 8, 10, 11]]	[22, 18, 4, 10, 37]	[[6, 3, 2, 10], [4, 3, 2, 8], [2, 4, 3, 8], [2, 10, 3, 6], [8, 2, 4, 3]]	[[10], [1, 4], [5, 9], [7], [11]]	3	1	3	G,D2,PM	[0, 3, 4]	[7, 10, 11]	64	{"chain3": 10}
dump_n5c_purebt.jsonl.gz	k4_certs_5_pure.json.gz	4170	25	12	[[0, 2, 6, 10], [1, 4, 9, 11], [3, 5, 9, 11], [6, 7, 8, 10], [7, 8, 10, 11]]	[22, 18, 4, 10, 37]	[[6, 3, 2, 10], [4, 3, 2, 8], [2, 4, 3, 8], [2, 10, 3, 6], [8, 2, 4, 3]]	[[10], [1, 9], [5], [7], [11]]	3	1	3	fO,G,D2	[0, 3, 4]	[7, 10, 11]	64	{"chain3": 10}
dump_n5c_purebt.jsonl.gz	k4_certs_5_pure.json.gz	4170	25	12	[[0, 2, 6, 10], [1, 4, 9, 11], [3, 5, 9, 11], [6, 7, 8, 10], [7, 8, 10, 11]]	[22, 18, 4, 10, 37]	[[6, 3, 2, 10], [4, 3, 2, 8], [2, 4, 3, 8], [2, 10, 3, 6], [8, 2, 4, 3]]	[[10], [1, 9], [3, 5], [7], [11]]	3	1	3	G,D2	[0, 3, 4]	[7, 10, 11]	64	{"chain3": 10}
dump_n5c_purebt.jsonl.gz	k4_certs_5_pure.json.gz	4170	25	12	[[0, 2, 6, 10], [1, 4, 9, 11], [3, 5, 9, 11], [6, 7, 8, 10], [7, 8, 10, 11]]	[22, 18, 4, 10, 37]	[[6, 3, 2, 10], [4, 3, 2, 8], [2, 4, 3, 8], [2, 10, 3, 6], [8, 2, 4, 3]]	[[10], [4, 9], [5], [7], [11]]	3	1	3	fO,G,D2	[0, 3, 4]	[7, 10, 11]	64	{"chain3": 10}
dump_n5c_purebt.jsonl.gz	k4_certs_5_pure.json.gz	4170	25	12	[[0, 2, 6, 10], [1, 4, 9, 11], [3, 5, 9, 11], [6, 7, 8, 10], [7, 8, 10, 11]]	[22, 18, 4, 10, 37]	[[6, 3, 2, 10], [4, 3, 2, 8], [2, 4, 3, 8], [2, 10, 3, 6], [8, 2, 4, 3]]	[[10], [4, 9], [3, 5], [7], [11]]	3	1	3	G,D2	[0, 3, 4]	[7, 10, 11]	64	{"chain3": 10}
dump_n5c_purebt.jsonl.gz	k4_certs_5_pure.json.gz	4214	69	12	[[0, 2, 8, 10], [1, 4, 9, 11], [3, 6, 9, 11], [5, 7, 10, 11], [7, 8, 10, 11]]	[0, 12, 4, 11, 39]	[[2, 3, 4, 8], [3, 4, 2, 8], [2, 4, 3, 8], [2, 10, 6, 3], [8, 3, 4, 2]]	[[10], [4], [6], [11], [7]]	3	1	3	fO,G,D2	[0, 3, 4]	[7, 10, 11]	72	{"chain3": 10}
dump_n5c_purebt.jsonl.gz	k4_certs_5_pure.json.gz	4214	69	12	[[0, 2, 8, 10], [1, 4, 9, 11], [3, 6, 9, 11], [5, 7, 10, 11], [7, 8, 10, 11]]	[0, 12, 4, 11, 39]	[[2, 3, 4, 8], [3, 4, 2, 8], [2, 4, 3, 8], [2, 10, 6, 3], [8, 3, 4, 2]]	[[10], [4], [3, 6], [11], [7]]	3	1	3	fO,G,D2	[0, 3, 4]	[7, 10, 11]	72	{"chain3": 10}
dump_n5c_purebt.jsonl.gz	k4_certs_5_pure.json.gz	4214	69	12	[[0, 2, 8, 10], [1, 4, 9, 11], [3, 6, 9, 11], [5, 7, 10, 11], [7, 8, 10, 11]]	[0, 12, 4, 11, 39]	[[2, 3, 4, 8], [3, 4, 2, 8], [2, 4, 3, 8], [2, 10, 6, 3], [8, 3, 4, 2]]	[[10], [4], [3, 9], [11], [7]]	3	1	3	fO,G,D2	[0, 3, 4]	[7, 10, 11]	72	{"chain3": 10}
dump_n5c_purebt.jsonl.gz	k4_certs_5_pure.json.gz	4214	69	12	[[0, 2, 8, 10], [1, 4, 9, 11], [3, 6, 9, 11], [5, 7, 10, 11], [7, 8, 10, 11]]	[0, 12, 4, 11, 39]	[[2, 3, 4, 8], [3, 4, 2, 8], [2, 4, 3, 8], [2, 10, 6, 3], [8, 3, 4, 2]]	[[10], [4], [6, 9], [11], [7]]	3	1	3	fO,G,D2	[0, 3, 4]	[7, 10, 11]	72	{"chain3": 10}
dump_n5c_purebt.jsonl.gz	k4_certs_5_pure.json.gz	4214	69	12	[[0, 2, 8, 10], [1, 4, 9, 11], [3, 6, 9, 11], [5, 7, 10, 11], [7, 8, 10, 11]]	[0, 12, 4, 11, 39]	[[2, 3, 4, 8], [3, 4, 2, 8], [2, 4, 3, 8], [2, 10, 6, 3], [8, 3, 4, 2]]	[[10], [1, 4], [6], [11], [7]]	3	1	3	fO,G,D2	[0, 3, 4]	[7, 10, 11]	72	{"chain3": 10}
dump_n5c_purebt.jsonl.gz	k4_certs_5_pure.json.gz	4214	69	12	[[0, 2, 8, 10], [1, 4, 9, 11], [3, 6, 9, 11], [5, 7, 10, 11], [7, 8, 10, 11]]	[0, 12, 4, 11, 39]	[[2, 3, 4, 8], [3, 4, 2, 8], [2, 4, 3, 8], [2, 10, 6, 3], [8, 3, 4, 2]]	[[10], [1, 4], [3, 6], [11], [7]]	3	1	3	G,D2	[0, 3, 4]	[7, 10, 11]	72	{"chain3": 10}
dump_n5c_purebt.jsonl.gz	k4_certs_5_pure.json.gz	4214	69	12	[[0, 2, 8, 10], [1, 4, 9, 11], [3, 6, 9, 11], [5, 7, 10, 11], [7, 8, 10, 11]]	[0, 12, 4, 11, 39]	[[2, 3, 4, 8], [3, 4, 2, 8], [2, 4, 3, 8], [2, 10, 6, 3], [8, 3, 4, 2]]	[[10], [1, 4], [3, 9], [11], [7]]	3	1	3	G,D2	[0, 3, 4]	[7, 10, 11]	72	{"chain3": 10}
dump_n5c_purebt.jsonl.gz	k4_certs_5_pure.json.gz	4214	69	12	[[0, 2, 8, 10], [1, 4, 9, 11], [3, 6, 9, 11], [5, 7, 10, 11], [7, 8, 10, 11]]	[0, 12, 4, 11, 39]	[[2, 3, 4, 8], [3, 4, 2, 8], [2, 4, 3, 8], [2, 10, 6, 3], [8, 3, 4, 2]]	[[10], [1, 4], [6, 9], [11], [7]]	3	1	3	G,D2,PM	[0, 3, 4]	[7, 10, 11]	72	{"chain3": 10}
dump_n5c_purebt.jsonl.gz	k4_certs_5_pure.json.gz	4214	69	12	[[0, 2, 8, 10], [1, 4, 9, 11], [3, 6, 9, 11], [5, 7, 10, 11], [7, 8, 10, 11]]	[0, 12, 4, 11, 39]	[[2, 3, 4, 8], [3, 4, 2, 8], [2, 4, 3, 8], [2, 10, 6, 3], [8, 3, 4, 2]]	[[10], [1, 9], [6], [11], [7]]	3	1	3	fO,G,D2	[0, 3, 4]	[7, 10, 11]	72	{"chain3": 10}
dump_n5c_purebt.jsonl.gz	k4_certs_5_pure.json.gz	4214	69	12	[[0, 2, 8, 10], [1, 4, 9, 11], [3, 6, 9, 11], [5, 7, 10, 11], [7, 8, 10, 11]]	[0, 12, 4, 11, 39]	[[2, 3, 4, 8], [3, 4, 2, 8], [2, 4, 3, 8], [2, 10, 6, 3], [8, 3, 4, 2]]	[[10], [1, 9], [3, 6], [11], [7]]	3	1	3	G,D2	[0, 3, 4]	[7, 10, 11]	72	{"chain3": 10}
dump_n5c_purebt.jsonl.gz	k4_certs_5_pure.json.gz	4214	69	12	[[0, 2, 8, 10], [1, 4, 9, 11], [3, 6, 9, 11], [5, 7, 10, 11], [7, 8, 10, 11]]	[0, 12, 4, 11, 39]	[[2, 3, 4, 8], [3, 4, 2, 8], [2, 4, 3, 8], [2, 10, 6, 3], [8, 3, 4, 2]]	[[10], [4, 9], [6], [11], [7]]	3	1	3	fO,G,D2	[0, 3, 4]	[7, 10, 11]	72	{"chain3": 10}
dump_n5c_purebt.jsonl.gz	k4_certs_5_pure.json.gz	4214	69	12	[[0, 2, 8, 10], [1, 4, 9, 11], [3, 6, 9, 11], [5, 7, 10, 11], [7, 8, 10, 11]]	[0, 12, 4, 11, 39]	[[2, 3, 4, 8], [3, 4, 2, 8], [2, 4, 3, 8], [2, 10, 6, 3], [8, 3, 4, 2]]	[[10], [4, 9], [3, 6], [11], [7]]	3	1	3	G,D2	[0, 3, 4]	[7, 10, 11]	72	{"chain3": 10}
dump_n5c_purebt.jsonl.gz	k4_certs_5_pure.json.gz	4214	69	12	[[0, 2, 8, 10], [1, 4, 9, 11], [3, 6, 9, 11], [5, 7, 10, 11], [7, 8, 10, 11]]	[12, 12, 18, 11, 43]	[[3, 4, 2, 8], [3, 4, 2, 8], [4, 3, 2, 8], [2, 10, 6, 3], [10, 2, 6, 3]]	[[10], [4], [3], [11], [7]]	3	1	3	fO,G,D2	[0, 3, 4]	[7, 10, 11]	72	{"chain3": 10}
dump_n5c_purebt.jsonl.gz	k4_certs_5_pure.json.gz	4214	69	12	[[0, 2, 8, 10], [1, 4, 9, 11], [3, 6, 9, 11], [5, 7, 10, 11], [7, 8, 10, 11]]	[12, 12, 18, 11, 43]	[[3, 4, 2, 8], [3, 4, 2, 8], [4, 3, 2, 8], [2, 10, 6, 3], [10, 2, 6, 3]]	[[10], [4], [3, 6], [11], [7]]	3	1	3	fO,G,D2	[0, 3, 4]	[7, 10, 11]	72	{"chain3": 10}
dump_n5c_purebt.jsonl.gz	k4_certs_5_pure.json.gz	4214	69	12	[[0, 2, 8, 10], [1, 4, 9, 11], [3, 6, 9, 11], [5, 7, 10, 11], [7, 8, 10, 11]]	[12, 12, 18, 11, 43]	[[3, 4, 2, 8], [3, 4, 2, 8], [4, 3, 2, 8], [2, 10, 6, 3], [10, 2, 6, 3]]	[[10], [4], [3, 9], [11], [7]]	3	1	3	fO,G,D2	[0, 3, 4]	[7, 10, 11]	72	{"chain3": 10}
dump_n5c_purebt.jsonl.gz	k4_certs_5_pure.json.gz	4214	69	12	[[0, 2, 8, 10], [1, 4, 9, 11], [3, 6, 9, 11], [5, 7, 10, 11], [7, 8, 10, 11]]	[12, 12, 18, 11, 43]	[[3, 4, 2, 8], [3, 4, 2, 8], [4, 3, 2, 8], [2, 10, 6, 3], [10, 2, 6, 3]]	[[10], [4], [6, 9], [11], [7]]	3	1	3	fO,G,D2	[0, 3, 4]	[7, 10, 11]	72	{"chain3": 10}
dump_n5c_purebt.jsonl.gz	k4_certs_5_pure.json.gz	4214	69	12	[[0, 2, 8, 10], [1, 4, 9, 11], [3, 6, 9, 11], [5, 7, 10, 11], [7, 8, 10, 11]]	[12, 12, 18, 11, 43]	[[3, 4, 2, 8], [3, 4, 2, 8], [4, 3, 2, 8], [2, 10, 6, 3], [10, 2, 6, 3]]	[[10], [1, 4], [3], [11], [7]]	3	1	3	fO,G,D2	[0, 3, 4]	[7, 10, 11]	72	{"chain3": 10}
dump_n5c_purebt.jsonl.gz	k4_certs_5_pure.json.gz	4214	69	12	[[0, 2, 8, 10], [1, 4, 9, 11], [3, 6, 9, 11], [5, 7, 10, 11], [7, 8, 10, 11]]	[12, 12, 18, 11, 43]	[[3, 4, 2, 8], [3, 4, 2, 8], [4, 3, 2, 8], [2, 10, 6, 3], [10, 2, 6, 3]]	[[10], [1, 4], [3, 6], [11], [7]]	3	1	3	G,D2,PM	[0, 3, 4]	[7, 10, 11]	72	{"chain3": 10}
dump_n5c_purebt.jsonl.gz	k4_certs_5_pure.json.gz	4214	69	12	[[0, 2, 8, 10], [1, 4, 9, 11], [3, 6, 9, 11], [5, 7, 10, 11], [7, 8, 10, 11]]	[12, 12, 18, 11, 43]	[[3, 4, 2, 8], [3, 4, 2, 8], [4, 3, 2, 8], [2, 10, 6, 3], [10, 2, 6, 3]]	[[10], [1, 4], [3, 9], [11], [7]]	3	1	3	G,D2	[0, 3, 4]	[7, 10, 11]	72	{"chain3": 10}
dump_n5c_purebt.jsonl.gz	k4_certs_5_pure.json.gz	4214	69	12	[[0, 2, 8, 10], [1, 4, 9, 11], [3, 6, 9, 11], [5, 7, 10, 11], [7, 8, 10, 11]]	[12, 12, 18, 11, 43]	[[3, 4, 2, 8], [3, 4, 2, 8], [4, 3, 2, 8], [2, 10, 6, 3], [10, 2, 6, 3]]	[[10], [1, 4], [6, 9], [11], [7]]	3	1	3	G,D2	[0, 3, 4]	[7, 10, 11]	72	{"chain3": 10}
dump_n5c_purebt.jsonl.gz	k4_certs_5_pure.json.gz	4214	69	12	[[0, 2, 8, 10], [1, 4, 9, 11], [3, 6, 9, 11], [5, 7, 10, 11], [7, 8, 10, 11]]	[12, 12, 18, 11, 43]	[[3, 4, 2, 8], [3, 4, 2, 8], [4, 3, 2, 8], [2, 10, 6, 3], [10, 2, 6, 3]]	[[10], [1, 9], [3], [11], [7]]	3	1	3	fO,G,D2	[0, 3, 4]	[7, 10, 11]	72	{"chain3": 10}
dump_n5c_purebt.jsonl.gz	k4_certs_5_pure.json.gz	4214	69	12	[[0, 2, 8, 10], [1, 4, 9, 11], [3, 6, 9, 11], [5, 7, 10, 11], [7, 8, 10, 11]]	[12, 12, 18, 11, 43]	[[3, 4, 2, 8], [3, 4, 2, 8], [4, 3, 2, 8], [2, 10, 6, 3], [10, 2, 6, 3]]	[[10], [1, 9], [3, 6], [11], [7]]	3	1	3	G,D2	[0, 3, 4]	[7, 10, 11]	72	{"chain3": 10}
dump_n5c_purebt.jsonl.gz	k4_certs_5_pure.json.gz	4214	69	12	[[0, 2, 8, 10], [1, 4, 9, 11], [3, 6, 9, 11], [5, 7, 10, 11], [7, 8, 10, 11]]	[12, 12, 18, 11, 43]	[[3, 4, 2, 8], [3, 4, 2, 8], [4, 3, 2, 8], [2, 10, 6, 3], [10, 2, 6, 3]]	[[10], [4, 9], [3], [11], [7]]	3	1	3	fO,G,D2	[0, 3, 4]	[7, 10, 11]	72	{"chain3": 10}
dump_n5c_purebt.jsonl.gz	k4_certs_5_pure.json.gz	4214	69	12	[[0, 2, 8, 10], [1, 4, 9, 11], [3, 6, 9, 11], [5, 7, 10, 11], [7, 8, 10, 11]]	[12, 12, 18, 11, 43]	[[3, 4, 2, 8], [3, 4, 2, 8], [4, 3, 2, 8], [2, 10, 6, 3], [10, 2, 6, 3]]	[[10], [4, 9], [3, 6], [11], [7]]	3	1	3	G,D2	[0, 3, 4]	[7, 10, 11]	72	{"chain3": 10}
