file	pos	idx	m	sets	profile	vals	nstates	bases	nearest
k4_certs_4_n4_1.json.gz	25	5	6	[[0, 2, 4, 5], [1, 3, 5], [3, 4, 5], [3, 4, 5]]	6,1,3,3	[[2, 3, 4, 8], [2, 4, 3], [3, 4, 2], [3, 4, 2]]	2	[[[4], [1], [3], [5]], [[4], [1], [5], [3]]]	k2:FF=NA;k2:FF=NA
k4_certs_4_n4_1.json.gz	25	5	6	[[0, 2, 4, 5], [1, 3, 5], [3, 4, 5], [3, 4, 5]]	11,1,3,3	[[2, 4, 5, 8], [2, 4, 3], [3, 4, 2], [3, 4, 2]]	2	[[[4], [1], [3], [5]], [[4], [1], [5], [3]]]	k2:FF=NA;k2:FF=NA
k4_certs_4_n4_1.json.gz	25	5	6	[[0, 2, 4, 5], [1, 3, 5], [3, 4, 5], [3, 4, 5]]	21,1,3,3	[[2, 6, 7, 10], [2, 4, 3], [3, 4, 2], [3, 4, 2]]	2	[[[4], [1], [3], [5]], [[4], [1], [5], [3]]]	k2:FF=NA;k2:FF=NA
k4_certs_4_n4_1.json.gz	25	5	6	[[0, 2, 4, 5], [1, 3, 5], [3, 4, 5], [3, 4, 5]]	34,1,3,3	[[3, 2, 4, 8], [2, 4, 3], [3, 4, 2], [3, 4, 2]]	2	[[[4], [1], [3], [5]], [[4], [1], [5], [3]]]	k2:FF=NA;k2:FF=NA
k4_certs_4_n4_1.json.gz	25	5	6	[[0, 2, 4, 5], [1, 3, 5], [3, 4, 5], [3, 4, 5]]	39,1,3,3	[[3, 4, 6, 8], [2, 4, 3], [3, 4, 2], [3, 4, 2]]	2	[[[4], [1], [3], [5]], [[4], [1], [5], [3]]]	k2:FF=NA;k2:FF=NA
k4_certs_4_n4_1.json.gz	25	5	6	[[0, 2, 4, 5], [1, 3, 5], [3, 4, 5], [3, 4, 5]]	51,1,3,3	[[3, 6, 8, 10], [2, 4, 3], [3, 4, 2], [3, 4, 2]]	2	[[[4], [1], [3], [5]], [[4], [1], [5], [3]]]	k2:FF=NA;k2:FF=NA
k4_certs_4_n4_1.json.gz	25	5	6	[[0, 2, 4, 5], [1, 3, 5], [3, 4, 5], [3, 4, 5]]	65,1,3,3	[[4, 2, 5, 8], [2, 4, 3], [3, 4, 2], [3, 4, 2]]	2	[[[4], [1], [3], [5]], [[4], [1], [5], [3]]]	k2:FF=NA;k2:FF=NA
k4_certs_4_n4_1.json.gz	25	5	6	[[0, 2, 4, 5], [1, 3, 5], [3, 4, 5], [3, 4, 5]]	73,1,3,3	[[4, 3, 6, 8], [2, 4, 3], [3, 4, 2], [3, 4, 2]]	2	[[[4], [1], [3], [5]], [[4], [1], [5], [3]]]	k2:FF=NA;k2:FF=NA
k4_certs_4_n4_1.json.gz	25	5	6	[[0, 2, 4, 5], [1, 3, 5], [3, 4, 5], [3, 4, 5]]	103,1,3,3	[[6, 2, 7, 10], [2, 4, 3], [3, 4, 2], [3, 4, 2]]	2	[[[4], [1], [3], [5]], [[4], [1], [5], [3]]]	k2:FF=NA;k2:FF=NA
k4_certs_4_n4_1.json.gz	25	5	6	[[0, 2, 4, 5], [1, 3, 5], [3, 4, 5], [3, 4, 5]]	111,1,3,3	[[6, 3, 8, 10], [2, 4, 3], [3, 4, 2], [3, 4, 2]]	2	[[[4], [1], [3], [5]], [[4], [1], [5], [3]]]	k2:FF=NA;k2:FF=NA
